block	ens_gene_id	ens_tx_id	mol_name	tissue	ref_name	type	chrom	tx_start	tx_stop	block_genes	trait	inference_pop1	inter_z_pop1	cv.R2_pop1	cv.R2.pval_pop1	ldregion_pop1	twas_z_pop1	pips_pop1	in_cred_set_pop1
4:128996665-4:130591885	ENSG00000164074.8	<NA>	C4orf29	blood	GEUVADIS	protein_coding	4	128786435	129060866	7	trait	bslmm	NA	0.0318458223286902	6.44829004061019e-05	4:129000314-4:130133779	4.77	0.998	1
4:128996665-4:130591885	ENSG00000077684.10	<NA>	PHF17	blood	GEUVADIS	protein_coding	4	129630779	129896379	7	trait	bslmm	NA	0.191771884804571	1.99043122525914e-23	4:129000314-4:130133779	-1.66	0.123	1
4:128996665-4:130591885	ENSG00000138709.13	<NA>	LARP1B	blood	GEUVADIS	protein_coding	4	128882423	129244086	7	trait	bslmm	NA	0.0551955272133811	1.78083420363514e-07	4:129000314-4:130133779	-3.1	0.115	1
4:128996665-4:130591885	ENSG00000151466.7	<NA>	SCLT1	blood	GEUVADIS	protein_coding	4	129686076	130114764	7	trait	bslmm	NA	0.0959445604427946	5.09993685259739e-12	4:129000314-4:130133779	-1.11	0.0683	1
4:128996665-4:130591885	ENSG00000164040.10	<NA>	PGRMC2	blood	GEUVADIS	protein_coding	4	129090392	129309984	7	trait	bslmm	NA	0.0742207822860967	1.40211140963927e-09	4:129000314-4:130133779	-1.96	0.051	0
4:128996665-4:130591885	ENSG00000251432.2	<NA>	RP11-420A23.1	blood	GEUVADIS	lincRNA	4	129113906	129540549	7	trait	bslmm	NA	-0.00166001190601528	0.630987463676111	4:129000314-4:130133779	-1.81	0.0486	0
4:128996665-4:130591885	ENSG00000151470.7	<NA>	C4orf33	blood	GEUVADIS	protein_coding	4	129914472	130134487	7	trait	bslmm	NA	0.0123982415772871	0.00928127102852506	4:129000314-4:130133779	0.106	0.0408	0
4:128996665-4:130591885	NULL.MODEL	NA	NULL	NA	NA	NULL	4	NA	NA	7	trait	NA	NA	NA	NA	4:129000314-4:130133779	0	0.000349	0
